,City,Country,Cloudiness,Date,Humidity,Lat,Lng,Max Temp,Min Temp,Pressure,Wind Speed,Real Feel Temp,City ID
0,Yellowknife,CA,20,1634920274,84,62.456,-114.3525,39.42,37.56,1010,19.57,28.51,6185377
1,Dale,US,90,1634920300,76,38.1689,-86.99,57.72,52.66,1019,6.91,54.01,4256426
2,Hamilton,US,90,1634920300,89,39.1834,-84.5333,54.36,48.38,1017,1.01,50.61,4513583
3,Hermanus,ZA,97,1634920033,72,-34.4187,19.2345,64.8,56.89,1005,27.29,64.36,3366880
4,Umluj,SA,0,1634920048,68,25.0213,37.2685,80.76,80.76,1014,12.44,83.91,100926
5,Kruisfontein,ZA,36,1634920223,83,-34.0033,24.7314,62.89,62.89,1006,4.81,62.78,986717
6,Albany,US,99,1634920302,67,42.6001,-73.9662,62.28,54.63,1010,1.01,56.97,5106841
7,Busselton,AU,7,1634920303,73,-33.65,115.3333,50.09,46.04,1026,7.78,42.04,2075265
8,Geraldton,AU,0,1634920225,77,-28.7667,114.6,59.41,56.12,1023,12.66,58.68,2070998
9,Bluff,NZ,95,1634920173,83,-46.6,168.3333,48.42,48.42,1027,2.37,48.42,2206939
10,San Miguel de Cozumel,MX,75,1634920305,86,20.5083,-86.9458,86.11,83.95,1015,1.99,97.34,3530103
11,Lebu,CL,63,1634920305,64,-37.6167,-73.65,54.1,54.1,1022,18.68,52.21,3883457
12,Thompson,CA,90,1634920306,93,55.7435,-97.8558,30.36,30.36,1026,9.22,22.12,6165406
13,Rikitea,PF,100,1634920307,82,-23.1203,-134.9692,73.92,73.92,1019,24.14,74.88,4030556
14,Punta Arenas,CL,75,1634920178,57,-53.15,-70.9167,48.31,48.11,991,36.82,38.75,3874787
15,Jumla,NP,70,1634920181,89,29.2747,82.1838,52.95,52.95,1019,2.28,52.12,1283285
16,Saskylakh,RU,100,1634920308,99,71.9167,114.0833,-1.66,-1.66,1009,2.62,-1.66,2017155
17,Codrington,AU,99,1634920029,90,-38.2667,141.9667,52.68,52.68,1015,8.41,51.87,2171099
18,Mataura,NZ,99,1634920310,95,-46.1927,168.8643,43.61,43.61,1027,2.06,43.61,6201424
19,Constitución,CL,0,1634920282,55,-35.3333,-72.4167,58.5,58.5,1019,17.02,56.62,3893726
20,Cape Town,ZA,75,1634920149,79,-33.9258,18.4232,60.12,59.11,1007,3.0,59.31,3369157
21,New Norfolk,AU,100,1634920057,78,-42.7826,147.0587,57.76,53.1,1012,0.18,53.26,2155415
22,Bosaso,SO,45,1634920103,54,11.2842,49.1816,82.31,82.31,1014,7.47,83.77,64013
23,Ushuaia,AR,40,1634920276,50,-54.8,-68.3,49.66,47.82,985,24.16,42.44,3833367
24,Allāpalli,IN,0,1634920314,75,19.4167,80.0667,67.39,67.39,1014,1.7,67.35,1278987
25,Kaitangata,NZ,100,1634920315,95,-46.2817,169.8464,44.83,44.83,1027,2.44,44.83,2208248
26,Avarua,CK,75,1634920315,64,-21.2078,-159.775,69.85,69.85,1013,4.61,69.55,4035715
27,Cabo San Lucas,MX,1,1634920316,74,22.8909,-109.9124,83.52,75.94,1001,2.3,87.15,3985710
28,Cidreira,BR,0,1634920317,63,-30.1811,-50.2056,71.42,71.42,1012,8.99,71.22,3466165
29,East London,ZA,0,1634920077,72,-33.0153,27.9116,65.34,65.34,1007,12.66,64.96,1006984
30,Vardø,NO,40,1634920318,69,70.3705,31.1107,33.78,28.15,997,19.57,22.44,777019
31,Mar del Plata,AR,90,1634920151,90,-38.0023,-57.5575,59.09,53.01,1013,1.99,57.11,3430863
32,Hasaki,JP,100,1634920287,71,35.7333,140.8333,50.4,50.29,1014,19.71,48.45,2112802
33,Hong Kong,HK,100,1634920072,76,22.2855,114.1577,68.32,64.36,1020,1.99,66.9,1819729
34,Bechem,GH,84,1634920321,92,7.0903,-2.025,76.39,76.39,1009,3.31,78.04,2303258
35,Khovd,MN,5,1634920224,43,48.0056,91.6419,36.48,36.48,1020,2.06,36.48,1516048
36,Baykit,RU,100,1634920322,85,61.67,96.37,38.16,38.16,1010,5.28,34.09,1510689
37,São João da Barra,BR,56,1634920287,74,-21.6403,-41.0511,78.89,78.89,1014,8.81,78.89,3448903
38,Bredasdorp,ZA,100,1634920323,55,-34.5322,20.0403,64.27,64.27,1004,14.34,62.98,1015776
39,Barrow,US,90,1634920324,93,71.2906,-156.7887,26.62,26.62,995,0.0,26.62,5880054
40,Henties Bay,NA,4,1634920325,78,-22.116,14.2845,64.85,64.85,1015,8.37,64.71,3356832
41,Labuhan,ID,78,1634920325,77,-6.8844,112.2051,81.19,81.19,1013,2.93,86.27,8079926
42,Qian’an,CN,0,1634920326,51,44.9932,124.0581,39.43,39.43,1027,7.45,34.2,2035410
43,Shache,CN,100,1634920229,44,38.4167,77.2406,53.4,53.4,1019,7.4,50.5,1280037
44,Vaini,TO,40,1634920327,88,-21.2,-175.2,69.96,69.96,1018,9.22,70.79,4032243
45,Pochutla,MX,100,1634920176,72,15.7432,-96.4661,82.81,82.22,1014,4.59,88.54,3517970
46,Nizhniy Kuranakh,RU,100,1634920328,87,58.8353,125.4869,35.22,35.22,1012,7.96,28.8,2019135
47,Celestún,MX,97,1634920329,64,20.8667,-90.4,83.25,83.25,1015,4.41,87.28,3531368
48,Nikolskoye,RU,100,1634920330,64,59.7035,30.7861,46.8,44.02,983,18.59,39.18,546105
49,Westport,US,20,1634920330,58,41.1415,-73.3579,72.03,64.74,1010,1.01,67.87,4845585
50,Ubari,LY,65,1634920331,19,26.5921,12.7805,82.85,82.85,1014,10.54,80.4,2219235
51,Muravlenko,RU,100,1634920126,95,63.7898,74.523,29.61,29.61,995,14.09,18.88,1540711
52,Carnarvon,AU,0,1634920332,83,-24.8667,113.6333,68.07,68.07,1018,16.11,68.49,2074865
53,Butaritari,KI,26,1634920333,79,3.0707,172.7902,81.81,81.81,1010,16.93,88.09,2110227
54,Najrān,SA,15,1634920334,25,17.4924,44.1277,79.45,79.45,1020,8.93,79.45,103630
55,Saint-Philippe,RE,79,1634920334,82,-21.3585,55.7679,76.59,71.11,1019,7.36,76.15,935215
56,Puerto Ayora,EC,87,1634920335,78,-0.7393,-90.3518,76.96,76.96,1016,10.02,78.03,3652764
57,Qaanaaq,GL,0,1634920336,67,77.484,-69.3632,-1.23,-1.23,1013,8.61,-13.83,3831208
58,Portland,US,90,1634920295,93,45.5234,-122.6762,54.14,49.53,1009,3.0,50.92,5746545
59,Kaeo,NZ,100,1634920268,97,-35.1,173.7833,59.32,59.32,1022,19.6,59.52,2189343
60,Gao,ML,10,1634920097,12,16.6362,1.637,100.9,100.9,1006,7.0,96.04,2457161
61,Ambilobe,MG,84,1634920306,79,-13.2,49.05,77.23,77.23,1015,0.94,78.37,1082243
62,Faanui,PF,19,1634920339,77,-16.4833,-151.75,78.21,78.21,1011,8.79,79.34,4034551
63,Changji,CN,0,1634920340,46,44.0167,87.3167,48.99,48.99,1028,11.18,44.4,1529569
64,Te Anau,NZ,100,1634920085,94,-45.4167,167.7167,45.09,45.09,1028,0.87,45.09,2181625
65,Taoudenni,ML,0,1634920341,17,22.6783,-3.9836,89.28,89.28,1010,3.18,85.44,2450173
66,Tuktoyaktuk,CA,75,1634920342,100,69.4541,-133.0374,23.0,23.0,996,5.75,15.75,6170031
67,Port Keats,AU,3,1634920342,81,-14.25,129.55,82.29,82.29,1009,9.48,89.78,2063039
68,Upernavik,GL,99,1634920047,92,72.7868,-56.1549,17.13,17.13,1007,11.16,4.57,3418910
69,Makakilo City,US,1,1634920064,81,21.3469,-158.0858,73.72,70.61,1018,5.75,72.99,5850554
70,Ponta do Sol,PT,88,1634920344,67,32.6667,-17.1,75.13,71.01,1022,5.88,74.46,2264557
71,Mahébourg,MU,75,1634920345,83,-20.4081,57.7,75.49,75.25,1019,4.61,76.64,934322
72,Hilo,US,1,1634920345,77,19.7297,-155.09,73.27,65.93,1018,5.75,67.53,5855927
73,Juba,SS,97,1634920063,68,4.8517,31.5825,78.19,78.19,1009,2.21,78.91,373303
74,Sept-Îles,CA,90,1634920347,94,50.2001,-66.3821,47.05,46.83,1007,14.0,41.13,6144312
75,Bichena,ET,79,1634920347,55,10.45,38.2,53.73,53.73,1019,4.34,51.39,342190
76,Kumluca,TR,0,1634920348,67,36.3703,30.2869,68.72,68.72,1021,4.85,68.45,305681
77,Ilulissat,GL,75,1634920349,73,69.2167,-51.1,21.22,21.22,1006,3.44,16.41,3423146
78,Simao,CN,100,1634920350,99,22.7886,100.9748,59.41,59.41,1018,2.33,59.7,1794209
79,Tiksi,RU,100,1634920162,95,71.6872,128.8694,3.31,3.31,1010,1.86,3.31,2015306
80,Polis,CY,0,1634920351,80,35.0367,32.4264,71.42,67.28,1021,7.18,67.46,146137
81,Gravdal,NO,75,1634920352,56,68.1214,13.5031,37.29,37.29,997,9.22,30.65,3155152
82,Matara,LK,63,1634920353,85,5.9485,80.5353,78.76,78.76,1014,6.33,78.76,1235846
83,Fallon,US,75,1634920353,33,39.4735,-118.7774,62.92,44.91,1012,10.36,55.69,5503914
84,Mildura,AU,25,1634920162,63,-34.2,142.15,60.76,60.08,1014,5.75,59.5,2157698
85,Loandjili,CG,75,1634920354,78,-4.7561,11.8578,80.71,80.71,1009,13.8,85.42,2258378
86,Sennan,JP,75,1634920355,67,34.3582,135.2837,60.24,51.84,1018,21.85,56.32,1926004
87,Angatuba,BR,0,1634920356,27,-23.4897,-48.4128,80.24,80.24,1011,2.48,79.14,3472234
88,Hīt,IQ,0,1634920357,19,33.6416,42.8251,75.7,75.7,1017,8.23,73.87,95788
89,Sudak,UA,6,1634920358,87,44.85,34.9667,58.87,58.87,1018,8.72,58.55,692315
90,Santa Cruz de la Sierra,BO,40,1634920163,46,-17.8,-63.1667,93.25,92.66,1006,24.16,98.91,3904906
91,Atuona,PF,28,1634920359,79,-9.8,-139.0333,77.54,77.54,1016,21.16,78.71,4020109
92,Kintampo,GH,76,1634920360,72,8.0563,-1.7306,81.72,81.72,1008,4.29,86.32,2299625
93,Arauco,CL,17,1634920296,44,-37.2463,-73.3175,59.02,59.02,1020,14.7,56.7,3899462
94,Mandera,KE,93,1634920361,50,3.9366,41.867,85.96,85.96,1012,6.38,87.84,187896
95,Avrillé,FR,3,1634920069,54,47.5,-0.5833,57.18,54.14,1025,6.33,54.34,3035612
96,Kapaa,US,40,1634920362,93,22.0752,-159.319,75.52,69.78,1019,9.22,73.9,5848280
97,Mariental,NA,1,1634920363,7,-24.6333,17.9667,80.65,80.65,1007,19.35,78.51,3355595
98,Iskateley,RU,99,1634920288,98,67.6803,53.1512,27.63,27.63,982,7.16,20.1,866062
99,Launceston,AU,75,1634920365,93,-41.45,147.1667,56.84,54.48,1013,1.99,56.39,2160517
100,Sinnamary,GF,96,1634920365,83,5.3833,-52.95,81.52,81.52,1010,9.86,88.32,3380290
101,Bay Roberts,CA,38,1634920366,67,47.5999,-53.2648,56.66,53.35,1019,7.0,53.89,5895424
102,Hay River,CA,75,1634920293,60,60.8156,-115.7999,39.18,37.36,1007,11.5,32.0,5972762
103,Keti Bandar,PK,63,1634920367,70,24.1447,67.4497,80.42,80.42,1011,18.88,83.64,1174451
104,Limbang,MY,100,1634920368,98,4.75,115.0,78.91,75.51,1012,2.33,80.62,1737714
105,Severo-Kuril'sk,RU,54,1634920369,75,50.6789,156.125,37.26,37.26,1016,10.2,30.15,2121385
106,Hualmay,PE,39,1634920181,71,-11.0964,-77.6139,68.18,68.18,1016,11.16,68.04,3939761
107,Narsaq,GL,100,1634920253,86,60.9167,-46.05,35.82,35.82,989,4.83,31.69,3421719
108,Turukhansk,RU,100,1634920371,97,65.8167,87.9833,36.77,36.77,994,19.24,26.44,1488903
109,West Wendover,US,1,1634920372,70,40.7391,-114.0733,43.81,43.81,1018,3.44,42.22,5710035
110,Jamestown,US,90,1634920152,77,42.097,-79.2353,49.32,43.84,1015,5.01,45.01,5122534
111,Port Alfred,ZA,49,1634920373,86,-33.5906,26.891,62.58,62.58,1007,4.9,62.58,964432
112,Pedasí,PA,86,1634920269,73,7.5333,-80.0333,82.06,82.06,1012,5.48,87.22,3703239
113,Brae,GB,88,1634920157,60,60.3964,-1.353,44.51,44.51,1014,17.18,37.04,2654970
114,San Patricio,US,87,1634920140,66,28.017,-97.5169,84.02,78.64,1018,4.63,83.14,4726521
115,Paraná,AR,63,1634920345,33,-31.732,-60.5238,82.54,81.52,1008,9.01,80.8,3841956
116,South Lake Tahoe,US,90,1634920205,75,38.9332,-119.9844,50.79,33.78,940,23.02,35.98,5397664
117,Lorengau,PG,96,1634920376,81,-2.0226,147.2712,80.08,80.08,1010,9.89,84.54,2092164
118,Lompoc,US,1,1634920367,90,34.6391,-120.4579,64.02,55.08,1017,3.44,59.31,5367788
119,Touros,BR,61,1634920378,62,-5.1989,-35.4608,88.7,88.7,1009,13.13,97.7,3386213
120,Ribeira Grande,PT,20,1634920378,68,38.5167,-28.7,72.0,72.0,1024,5.75,72.09,3372707
121,Castro,BR,0,1634920379,41,-24.7911,-50.0119,73.8,73.8,1012,1.01,72.81,3466704
122,Aitape,PG,69,1634920380,86,-3.1374,142.3475,76.5,76.5,1010,4.36,77.88,2101169
123,Virbalis,LT,100,1634920380,84,54.6267,22.8169,44.35,44.35,999,21.9,35.78,593086
124,Vestmannaeyjar,IS,90,1634920381,93,63.4427,-20.2734,43.79,43.79,1000,27.63,34.0,3412093
125,Bilma,NE,1,1634920228,12,18.6853,12.9164,90.86,90.86,1011,8.41,86.63,2446796
126,Provideniya,RU,100,1634920383,67,64.3833,-173.3,24.58,24.58,994,11.88,13.51,4031574
127,Phrae,TH,99,1634920383,98,18.0833,100.0,73.6,73.6,1015,1.01,75.27,1607551
128,Bambous Virieux,MU,75,1634920147,83,-20.3428,57.7575,75.45,75.22,1019,4.61,76.6,1106677
129,Oistins,BB,40,1634920384,66,13.0667,-59.5333,86.09,86.09,1014,24.16,93.6,3373652
130,Dawei,MM,100,1634920093,96,14.0833,98.2,75.87,75.87,1014,1.36,77.67,1293625
131,Datong,CN,58,1634920386,35,40.0936,113.2914,40.57,40.57,1029,3.18,38.8,2037799
132,Zhangjiakou,CN,0,1634920387,42,40.81,114.8794,40.51,40.51,1030,2.75,40.51,2033196
133,Arraial do Cabo,BR,0,1634920388,60,-22.9661,-42.0278,76.96,75.06,1014,16.11,75.07,3471451
134,Manuk Mangkaw,PH,100,1634920388,76,4.8,119.85,82.26,82.26,1010,9.84,88.38,1701394
135,Ust-Maya,RU,100,1634920389,91,60.4167,134.5333,28.9,28.9,1005,6.71,21.97,2013918
136,Hazebrouck,FR,88,1634920390,76,50.7237,2.5373,55.11,50.94,1022,9.31,52.11,3013619
137,Wainwright,CA,63,1634920212,49,52.839,-110.8572,31.91,31.28,1013,17.76,19.72,6175059
138,Yumen,CN,3,1634920391,32,40.2833,97.2,43.07,43.07,1018,9.55,37.63,1528998
139,Tautira,PF,32,1634920392,82,-17.7333,-149.15,77.02,77.0,1011,17.96,78.28,4033557
140,Naro Moru,KE,100,1634920393,72,-0.1676,37.0213,62.02,62.02,1017,3.38,61.3,184367
141,Natal,BR,75,1634920393,66,-5.795,-35.2094,88.45,86.22,1010,14.97,93.87,3394023
142,Butterworth,MY,40,1634920394,89,5.3991,100.3638,80.01,78.06,1013,5.01,78.82,1735076
143,Palmer,US,75,1634920126,53,42.1584,-72.3287,70.56,63.39,1010,3.0,65.68,4946620
144,Khor,RU,2,1634920395,78,47.8861,134.9464,30.58,30.58,1019,6.82,23.92,2022317
145,Fortuna,US,75,1634920141,75,40.5982,-124.1573,56.93,52.2,1014,7.0,53.49,5563839
146,Atyrau,KZ,10,1634920396,87,47.1167,51.8833,50.02,50.02,1021,11.18,48.81,610529
147,Padang,ID,100,1634920397,88,-0.9492,100.3543,77.95,77.95,1014,4.32,79.59,1633419
148,Campbell River,CA,90,1634920148,98,50.0163,-125.2446,50.72,48.25,1006,3.44,48.04,5914132
149,Monrovia,LR,95,1634920212,85,6.3005,-10.7969,82.17,82.17,1010,10.13,90.55,2274895
150,Krasnosel'kup,RU,100,1634920399,100,65.7,82.4667,32.5,32.5,990,7.74,25.63,1502073
151,Broome,US,90,1634920399,73,42.2506,-75.833,53.37,46.58,998,1.99,48.51,5110365
152,Sémbé,CG,93,1634920400,88,1.6481,14.5806,75.16,75.16,1009,1.48,76.51,2255304
153,Kieta,PG,100,1634920401,86,-6.2167,155.6333,77.0,77.0,1012,4.9,78.44,2094027
154,Kahului,US,20,1634920401,78,20.8947,-156.47,76.84,70.68,1017,3.44,74.32,5847411
155,Ulaanbaatar,MN,0,1634920402,53,47.9077,106.8832,21.33,21.33,1022,2.24,21.33,2028462
156,Kiruna,SE,90,1634920403,80,67.8557,20.2251,22.12,22.12,997,9.22,11.97,605155
157,Baruun-Urt,MN,0,1634920405,46,46.6806,113.2792,32.74,32.74,1028,8.52,25.43,2032614
158,George Town,MY,40,1634920171,89,5.4112,100.3354,79.9,77.95,1013,1.01,79.41,1735106
159,Half Moon Bay,US,90,1634920406,94,37.4636,-122.4286,59.11,54.48,1017,1.01,56.3,5354943
160,Ségou,ML,60,1634920407,33,13.4317,-6.2157,94.42,94.42,1007,9.42,94.73,2451478
161,Sibolga,ID,100,1634920408,83,1.7427,98.7792,78.51,78.51,1014,2.35,79.97,1213855
162,North Bend,US,90,1634920409,97,43.4065,-124.2243,54.91,51.94,1012,6.91,53.06,5742974
163,Port Elizabeth,ZA,0,1634920409,63,-33.918,25.5701,65.1,64.69,1006,10.36,63.82,964420
164,Quatre Cocos,MU,81,1634920163,75,-20.2078,57.7625,75.31,75.09,1019,8.1,75.83,1106643
165,Tasiilaq,GL,100,1634920149,81,65.6145,-37.6368,35.76,35.76,998,14.5,26.58,3424607
166,Silver City,US,75,1634920411,26,32.7701,-108.2803,71.31,68.31,1018,1.01,68.74,5491487
167,Bengkulu,ID,100,1634920412,90,-3.8004,102.2655,76.12,76.12,1013,4.14,77.67,1649150
168,Ahipara,NZ,100,1634920413,93,-35.1667,173.1667,59.74,59.74,1020,20.78,59.77,2194098
169,Dikson,RU,100,1634920413,81,73.5069,80.5464,17.62,17.62,1004,14.0,5.02,1507390
170,Roquetas de Mar,ES,6,1634920414,85,36.7642,-2.6148,68.0,67.6,1015,6.53,68.05,2511716
171,Odesa,UA,100,1634920410,88,46.4775,30.7326,57.13,56.91,1014,4.47,56.68,698740
172,Bethel,US,20,1634920319,62,41.3712,-73.414,70.63,63.48,1011,5.75,66.49,5282297
173,Irbeyskoye,RU,47,1634920416,67,55.6428,95.4522,40.03,40.03,1021,6.58,35.42,1505529
174,Havelock,US,40,1634920416,70,34.8791,-76.9013,82.35,75.92,1016,10.0,79.0,4470244
175,Dingle,PH,100,1634920417,94,10.9995,122.6711,74.75,74.75,1011,5.08,76.33,1714733
176,Torbay,CA,40,1634920212,65,47.6666,-52.7314,55.89,51.39,1018,14.97,51.48,6167817
177,Fairbanks,US,90,1634920390,86,64.8378,-147.7164,27.61,12.54,984,0.0,22.17,5861897
178,Kiryat Gat,IL,19,1634920157,100,31.61,34.7642,74.08,71.78,1019,12.1,74.25,293842
179,Taywarah,AF,0,1634920419,29,33.35,64.4167,35.33,35.33,1023,6.44,29.88,1122464
180,Lagoa,PT,86,1634920420,75,39.05,-27.9833,68.58,68.58,1024,13.6,68.67,3372964
181,Norman Wells,CA,75,1634920420,75,65.282,-126.8329,39.24,39.24,991,20.71,29.3,6089245
182,Northam,GB,96,1634920421,67,51.0333,-4.2167,53.65,50.61,1024,12.24,50.67,2641434
183,Hambantota,LK,27,1634920172,82,6.1241,81.1185,80.62,80.62,1014,10.18,85.91,1244926
184,Kisangani,CD,70,1634920422,93,0.5167,25.2,70.21,70.21,1011,0.16,71.31,212730
185,Yanaul,RU,100,1634920423,79,56.2719,54.9309,48.94,48.94,999,17.78,42.66,469178
186,Maputo,MZ,20,1634920294,81,-25.9653,32.5892,76.68,74.23,1007,8.01,75.16,1040652
187,Gouré,NE,30,1634920424,26,13.9835,10.2704,95.02,95.02,1008,11.63,93.06,2444219
188,Christchurch,NZ,100,1634920324,74,-43.5333,172.6333,52.95,42.48,1032,1.99,49.57,2192362
189,Aklavik,CA,99,1634920426,87,68.2191,-135.0107,32.83,29.12,992,7.78,25.99,5882953
190,Saint Paul Harbor,US,90,1634920426,61,57.79,-152.4072,42.31,42.31,976,21.85,33.12,5866583
191,Jesi,IT,100,1634920427,65,43.5288,13.2402,62.51,59.02,1015,1.99,59.95,6541474
192,Walvis Bay,NA,0,1634920428,52,-22.9575,14.5053,67.15,65.08,1016,12.66,66.02,3359638
193,Norrtälje,SE,91,1634920395,71,59.758,18.705,44.53,41.09,989,5.66,39.0,2688250
194,Mawlaik,MM,20,1634920429,98,23.6333,94.4167,71.24,71.24,1013,1.25,72.66,1310120
195,Baloda Bāzār,IN,0,1634920430,54,21.6667,82.1667,70.38,70.38,1014,4.7,69.66,1277530
196,Asti,IT,1,1634920430,80,44.8979,8.2068,68.05,56.5,1016,1.97,61.61,3182714
197,Agadez,NE,0,1634920433,13,19.75,10.25,88.27,88.27,1011,7.61,84.45,2448083
198,Khatanga,RU,69,1634920434,99,71.9667,102.5,-1.46,-1.46,1006,5.23,-12.57,2022572
199,Porto-Novo,BJ,91,1634920435,75,6.4965,2.6036,81.32,81.32,1009,6.76,86.14,2392087
200,Nantucket,US,75,1634920435,81,41.2835,-70.0995,71.74,65.97,1011,16.11,69.4,4944903
201,Deputatsky,RU,95,1634920263,100,69.3,139.9,-11.43,-11.43,1010,1.1,-11.43,2028164
202,Owando,CG,60,1634920438,86,-0.4819,15.8999,75.56,75.56,1009,2.93,76.86,2255542
203,Ust'-Karsk,RU,26,1634920438,86,52.7011,118.8077,31.48,31.48,1022,4.38,27.07,2013942
204,Salalah,OM,0,1634920215,73,17.0151,54.0924,78.89,78.89,1014,3.44,78.89,286621
205,Hobart,AU,90,1634920319,91,-42.8794,147.3294,58.12,53.46,1010,12.66,54.14,2163355
206,Longyearbyen,SJ,75,1634920440,73,78.2186,15.6401,19.24,19.24,1006,3.44,14.14,2729907
207,Karratha,AU,15,1634920443,36,-20.7377,116.8463,81.14,81.14,1012,7.58,80.38,6620339
208,Ancud,CL,23,1634920444,57,-41.8697,-73.8203,59.43,53.13,1023,11.48,50.83,3899695
209,Korla,CN,95,1634920444,22,41.7597,86.1469,59.4,59.4,1015,14.72,56.07,1529376
210,Dudinka,RU,85,1634920445,95,69.4058,86.1778,13.48,13.48,998,7.94,2.34,1507116
211,Katherine,AU,21,1634920446,65,-14.4667,132.2667,84.52,84.52,1010,5.75,89.94,2068655
212,Bairiki Village,KI,40,1634920447,83,1.3292,172.9752,80.6,80.6,1010,12.66,86.05,7601762
213,Vao,NC,0,1634920154,80,-22.6667,167.4833,72.34,72.34,1015,4.16,73.04,2137773
214,Kavieng,PG,99,1634920448,78,-2.5744,150.7967,80.33,80.33,1010,8.12,84.63,2094342
215,Asbury Park,US,20,1634920448,59,40.2204,-74.0121,71.29,65.95,1011,1.01,68.02,5095281
216,Chittarkonda,IN,25,1634920449,87,18.1167,82.0833,71.64,71.64,1015,2.64,72.59,1274055
217,Saint-Pierre,RE,40,1634920188,81,-21.3393,55.4781,76.68,71.19,1016,12.66,76.73,935214
218,Mehamn,NO,75,1634920450,55,71.0357,27.8492,35.78,33.71,999,25.32,21.15,778707
219,Martapura,ID,90,1634920451,94,-3.4167,114.85,78.89,78.89,1013,4.61,78.89,1636022
220,Deep River,CA,40,1634920452,55,46.1001,-77.4995,42.44,38.95,1014,8.05,33.75,5937073
221,Srednekolymsk,RU,37,1634920453,99,67.45,153.6833,-11.02,-11.02,1010,3.06,-19.52,2121025
222,Mayor Pablo Lagerenza,PY,35,1634920454,27,-19.9309,-60.7718,99.64,99.64,1002,11.59,100.08,3867427
223,Vila Velha,BR,75,1634920456,73,-20.3297,-40.2925,73.35,73.35,1015,9.22,73.81,3445026
224,Pevek,RU,100,1634920458,92,69.7008,170.3133,13.32,13.32,1004,8.84,1.42,2122090
225,Bulungu,CD,99,1634920459,88,-4.55,18.6,74.3,74.3,1009,1.77,75.56,2316259
226,Nagato,JP,93,1634920460,81,34.3833,131.2,57.11,56.19,1022,18.39,55.31,1899102
227,Toktogul,KG,93,1634920461,77,41.8708,72.9402,39.36,39.36,1037,1.05,39.36,1538648
228,Våler,NO,83,1634920462,61,60.6785,11.8331,45.3,40.84,993,5.3,38.28,3132893
229,Ha Giang,VN,100,1634920462,80,22.8333,104.9833,62.33,62.33,1023,2.44,62.02,1581349
230,Byron Bay,AU,44,1634920463,94,-28.65,153.6167,71.55,58.96,1015,8.88,67.06,2172880
231,Sarangani,PH,100,1634920464,73,5.4033,125.4636,82.67,82.67,1009,5.88,88.5,1687186
232,Rabo de Peixe,PT,75,1634920465,73,37.8,-25.5833,69.31,69.31,1025,8.05,69.37,3372745
233,Botwood,CA,50,1634920465,52,49.1499,-55.3482,55.9,51.28,1018,5.48,53.64,5906229
234,Alyangula,AU,40,1634920466,83,-13.8483,136.4192,82.27,82.27,1011,9.22,90.28,2079582
235,Departamento de Maldonado,UY,25,1634920293,50,-34.6667,-54.9167,73.22,70.99,1012,4.07,70.14,3441890
236,Iquique,CL,1,1634920467,64,-20.2208,-70.1431,60.84,60.84,1016,7.63,59.63,3887127
237,Santa Maria,BR,0,1634920313,47,-29.6842,-53.8069,78.1,78.1,1011,8.05,77.81,3450083
238,Deder,ET,99,1634920468,47,9.3167,41.45,59.86,59.86,1018,5.95,57.76,339629
239,Mandalgovi,MN,49,1634920469,35,45.7625,106.2708,34.56,34.56,1024,7.54,28.24,2030065
240,Lianran,CN,100,1634920469,93,24.9227,102.485,46.94,46.94,1022,2.53,46.94,1803886
241,Sitka,US,90,1634920244,62,57.0531,-135.33,51.69,51.69,975,11.5,49.48,5557293
242,Altamont,US,90,1634920471,93,42.2068,-121.7372,42.64,40.89,973,1.01,41.76,5711149
243,Uyuni,BO,9,1634920471,6,-20.4597,-66.825,62.74,62.74,1011,16.98,59.0,3901903
244,Sola,VU,87,1634920184,78,-13.8833,167.55,80.13,80.13,1013,6.26,84.24,2134814
245,Manokwari,ID,26,1634920472,80,-0.8667,134.0833,77.95,77.95,1010,7.7,79.21,1636308
246,Balakhninskiy,RU,36,1634920473,98,58.0106,114.2769,19.81,19.81,1024,2.06,19.81,2027196
247,Conde,BR,75,1634920474,62,-7.2597,-34.9075,87.26,87.26,1011,10.36,94.46,3385077
248,Porto Velho,BR,40,1634920408,62,-8.7619,-63.9039,89.65,89.65,1011,4.61,99.97,3662762
249,Watertown,US,20,1634920475,57,42.3709,-71.1828,72.55,66.07,1009,5.99,69.01,4954611
250,Coruripe,BR,53,1634920476,63,-10.1256,-36.1756,84.69,84.69,1010,14.47,89.62,3465329
251,Darhan,MN,2,1634920477,50,49.4867,105.9228,35.85,35.85,1023,5.21,31.42,2031964
252,Kingaroy,AU,90,1634920478,94,-26.5333,151.8333,66.24,66.24,1016,4.61,66.97,2161376
253,Muros,ES,0,1634920478,61,42.7762,-9.0603,69.24,59.85,1022,13.65,63.41,3115824
254,Maniitsoq,GL,0,1634920480,49,65.4167,-52.9,31.15,31.15,998,11.63,21.88,3421982
255,Buala,SB,98,1634920480,81,-8.145,159.5921,79.65,79.65,1012,6.11,79.65,2109528
256,Corrente,BR,100,1634920481,59,-3.7367,-43.3394,86.88,86.88,1008,1.39,92.43,3409644
257,Regeneração,BR,98,1634920482,47,-6.2378,-42.6883,90.27,90.27,1008,2.06,93.76,3390700
258,Walsall,GB,62,1634920482,75,52.5853,-1.984,53.35,49.28,1022,4.0,50.18,2634853
259,Necochea,AR,100,1634920205,73,-38.5473,-58.7368,57.04,57.04,1014,7.47,55.87,3430443
260,Pemangkat,ID,100,1634920484,87,1.1667,108.9667,76.71,76.71,1013,4.14,78.17,1631637
261,Nanma,CN,38,1634920484,62,36.1817,118.1583,44.74,44.74,1031,1.68,44.74,1799897
262,Pisco,PE,0,1634920485,77,-13.7,-76.2167,67.01,64.45,1016,10.36,64.22,3932145
263,Tigil',RU,100,1634920486,97,57.8,158.6667,25.5,25.5,1007,5.19,19.26,2120612
264,Laurel,US,75,1634920486,57,39.0993,-76.8483,69.69,63.25,1015,1.99,65.3,4360369
265,Ossora,RU,100,1634920487,71,59.2353,163.0719,19.11,19.11,1006,4.7,12.29,2122389
266,Tura,IN,1,1634920488,74,25.5198,90.2201,66.0,66.0,1014,4.07,65.79,1254046
267,Porbandar,IN,2,1634920489,62,21.6422,69.6093,79.97,79.97,1014,10.27,79.97,1259395
268,Binzhou,CN,33,1634920490,59,37.3667,118.0167,47.35,47.35,1031,1.81,47.35,1816336
269,Morón,AR,81,1634920454,47,-34.6534,-58.6198,84.02,74.05,1009,1.99,78.91,3430545
270,Port Hardy,CA,75,1634920212,93,50.6996,-127.4199,50.0,48.38,1004,3.44,47.44,6111862
271,Roebourne,AU,20,1634920491,32,-20.7833,117.1333,81.52,81.52,1012,7.09,80.31,2062276
272,Beidao,CN,85,1634920492,83,34.5686,105.8933,49.21,49.21,1022,4.54,47.57,1816751
273,Wau,SS,82,1634920493,75,7.7029,27.9953,77.04,77.04,1010,3.24,77.97,363885
274,Esperance,AU,52,1634920493,72,-33.8667,121.9,49.84,49.84,1026,6.02,47.46,2071860
275,Sterling,US,40,1634920303,57,39.0062,-77.4286,68.45,62.19,1016,1.99,64.22,4787534
276,Kampong Thom,KH,97,1634920494,88,12.7111,104.8887,76.95,76.95,1013,2.77,78.48,1831125
277,Prabumulih,ID,100,1634920495,92,-3.45,104.25,75.27,75.27,1013,1.57,76.82,1631393
278,Amurzet,RU,10,1634920335,66,47.6967,131.0981,35.74,35.74,1020,6.71,30.2,2027740
279,Omboué,GA,96,1634920496,84,-1.5746,9.2618,77.63,77.63,1010,8.75,79.03,2396853
280,Mareeba,AU,72,1634920497,95,-17.0,145.4333,74.12,72.45,1016,2.39,73.85,2158767
281,Lethem,GY,99,1634920498,59,3.3803,-59.7968,86.76,86.76,1010,0.58,92.17,3379316
282,Hagi,JP,83,1634920498,87,34.4,131.4167,55.85,55.85,1022,11.41,55.22,1863418
283,Khani,GE,0,1634920499,67,41.9563,42.9566,44.17,44.17,1023,4.38,41.83,610864
284,Urubichá,BO,55,1634920500,25,-15.3833,-62.95,102.51,102.51,1004,6.98,103.5,3901969
285,Kayerkan,RU,85,1634920500,96,69.3497,87.7602,13.21,13.21,999,5.26,4.69,1497337
286,Phang Nga,TH,100,1634920501,92,8.4509,98.5298,83.91,75.31,1013,2.17,78.75,1151464
287,Miramar,US,90,1634920502,92,25.9873,-80.2323,82.02,77.0,1017,0.0,78.73,4164601
288,Cotonou,BJ,69,1634920457,76,6.3654,2.4183,81.7,81.7,1009,8.95,87.15,2394819
289,Tual,ID,81,1634920503,73,-5.6667,132.75,82.71,82.71,1010,4.65,88.57,1623197
290,Bathsheba,BB,40,1634920504,66,13.2167,-59.5167,86.61,86.61,1014,24.16,94.77,3374083
291,Azángaro,PE,23,1634920506,21,-14.9167,-70.2167,62.33,62.33,1008,5.75,59.25,3946937
292,Buta,CD,72,1634920506,97,2.7858,24.73,71.96,71.96,1011,2.26,73.42,217570
293,Roald,NO,75,1634920246,76,62.5833,6.1333,47.91,39.99,1001,21.85,36.91,3141667
294,Sørland,NO,100,1634920507,49,67.667,12.6934,40.86,37.47,997,15.08,32.92,3137469
295,Chara,RU,40,1634920508,63,56.9064,118.2631,32.67,32.67,1019,3.0,30.07,2025630
296,Grindavik,IS,90,1634920509,100,63.8424,-22.4338,43.27,39.9,997,23.02,34.14,3416888
297,Maţāy,EG,0,1634920509,40,28.419,30.7792,75.61,75.61,1018,9.17,74.75,352628
298,Searcy,US,1,1634920510,58,35.2506,-91.7363,66.97,59.95,1022,4.0,62.53,4130430
299,Yangi Marg`ilon,UZ,40,1634920511,46,40.4272,71.7189,48.92,45.82,1034,6.91,45.93,1513491
300,Talnakh,RU,91,1634920512,96,69.4865,88.3972,10.99,10.99,999,4.14,3.6,1490256
301,Popondetta,PG,100,1634920218,96,-8.7537,148.2534,71.17,71.17,1013,3.51,72.5,2088163
302,Dunedin,NZ,100,1634920249,82,-45.8742,170.5036,50.81,50.81,1030,5.99,49.44,2191562
303,São Filipe,CV,1,1634920514,58,14.8961,-24.4956,83.77,83.77,1011,8.97,86.63,3374210
304,Kralendijk,BQ,75,1634920514,70,12.15,-68.2667,87.78,87.78,1013,19.57,99.63,3513563
305,Luba,GQ,100,1634920515,85,3.4568,8.5547,78.69,78.69,1011,4.72,80.26,2309528
306,Kavaratti,IN,32,1634920516,75,10.5669,72.642,82.26,82.26,1013,2.77,88.12,1267390
307,Monte Alegre,BR,100,1634920360,57,-2.0078,-54.0692,88.97,88.97,1009,2.33,95.81,3394605
308,Lashio,MM,100,1634920517,99,22.9333,97.75,64.98,64.98,1014,0.4,65.82,1314759
309,Alice Springs,AU,40,1634920518,18,-23.7,133.8833,81.95,81.95,1014,11.5,79.75,2077895
310,Khandyga,RU,98,1634920518,99,62.6667,135.6,9.43,9.43,1006,2.73,9.43,2022773
311,Platteville,US,40,1634920519,93,42.7342,-90.4785,46.89,39.52,1019,4.61,41.47,5267332
312,Basoko,CD,45,1634920520,88,1.2391,23.616,72.63,72.63,1010,3.85,73.72,219414
313,Hithadhoo,MV,23,1634920521,75,-0.6,73.0833,81.37,81.37,1015,7.54,86.25,1282256
314,Waingapu,ID,77,1634920521,82,-9.6567,120.2641,79.47,79.47,1011,4.21,79.47,1622318
315,Huancavelica,PE,14,1634920522,33,-12.7667,-74.9833,55.17,55.17,1014,10.13,51.93,3939470
316,Mersin Province,TR,0,1634920523,38,36.862,34.6509,72.75,72.75,1019,5.99,71.51,311728
317,Namatanai,PG,99,1634920523,80,-3.6667,152.4333,77.74,77.74,1010,4.29,78.98,2090021
318,Evensk,RU,61,1634920524,77,61.95,159.2333,3.9,3.9,1008,7.36,-8.7,2125693
319,Pedernales,DO,50,1634920525,59,18.0384,-71.744,88.23,88.23,1015,10.13,95.18,3495137
320,Mahibadhoo,MV,17,1634920525,69,3.7833,72.9667,82.45,82.45,1015,10.63,87.06,1337605
321,Ko Samui,TH,97,1634920248,72,9.5357,99.9357,82.26,82.26,1013,0.89,87.39,1154689
322,Berlevåg,NO,75,1634920527,60,70.8578,29.0864,33.8,30.0,999,20.71,21.72,780687
323,Margate,GB,100,1634920527,69,51.3813,1.3862,55.26,51.19,1016,1.01,51.91,2643044
324,Akdepe,TM,20,1634920528,31,42.0551,59.3788,46.4,42.89,1032,8.88,37.71,601551
325,Cheney,US,90,1634920520,95,47.4874,-117.5758,51.62,47.48,1010,6.91,45.61,5789856
326,Bolu Province,TR,20,1634920529,49,40.6667,31.5833,52.52,52.52,1022,2.48,49.78,750510
327,Tavda,RU,100,1634920530,98,58.0425,65.2726,40.37,40.37,998,11.3,33.57,1489962
328,Klaksvík,FO,73,1634920531,56,62.2266,-6.589,38.32,38.32,1014,5.93,33.8,2618795
329,Barcelos,PT,0,1634920532,64,41.5388,-8.6151,68.68,64.08,1020,6.69,66.45,2742416
330,Bubaque,GW,10,1634920533,72,11.2833,-15.8333,83.59,83.59,1008,8.28,90.21,2374583
331,Dickinson,US,75,1634920534,78,29.4608,-95.0513,84.18,75.97,1018,3.0,79.83,4686163
332,Coquimbo,CL,20,1634920344,67,-29.9533,-71.3436,60.53,60.53,1018,12.66,59.43,3893629
333,Salinópolis,BR,67,1634920535,63,-0.6136,-47.3561,86.77,86.77,1009,11.74,93.83,3389822
334,Vilhena,BR,40,1634920536,66,-12.7406,-60.1458,86.22,86.22,1014,16.11,93.87,3924679
335,Teguise,ES,20,1634920537,53,29.0605,-13.564,73.62,73.62,1017,17.27,73.17,2510573
336,Tuy Hoa,VN,74,1634920538,91,13.0833,109.3,77.05,77.05,1014,5.77,78.73,1563281
337,Airai,TL,86,1634920538,78,-8.9266,125.4092,62.74,62.74,1013,2.42,62.38,1651810
338,Mount Gambier,AU,75,1634920539,93,-37.8333,140.7667,51.71,51.71,1016,6.91,50.95,2156643
339,Policoro,IT,100,1634920540,82,40.2115,16.6726,69.82,65.28,1017,3.04,67.21,6541279
340,Waynesville,US,99,1634920258,68,35.4887,-82.9887,65.91,55.89,1014,1.01,60.03,4497868
341,Dodoma,TZ,34,1634920541,36,-6.1722,35.7395,79.16,79.16,1011,10.2,79.16,160196
342,Visnes,NO,40,1634920542,71,59.3556,5.2242,46.78,42.12,1006,34.52,36.14,3131500
343,Thinadhoo,MV,23,1634920543,68,0.5333,72.9333,83.39,83.39,1015,9.53,88.61,1337610
344,Lüderitz,NA,0,1634920544,81,-26.6481,15.1594,58.91,58.91,1015,8.37,58.32,3355672
345,Sayyan,YE,27,1634920545,35,15.1718,44.3244,60.94,60.94,1021,13.89,58.39,70979
346,Saldanha,ZA,100,1634920545,78,-33.0117,17.9442,60.85,60.85,1008,22.55,60.31,3361934
347,Poum,NC,3,1634920546,79,-20.2333,164.0167,73.71,73.71,1015,9.86,74.5,2138555
348,Bayan,CN,1,1634920547,60,46.0833,127.4,37.18,37.18,1026,7.09,31.69,2038421
349,Olafsvik,IS,100,1634920548,93,64.8945,-23.7142,41.67,41.67,996,23.47,31.91,3414079
350,Zhalantun,CN,0,1634920549,59,48.0,122.7167,36.75,36.75,1025,4.63,32.97,2033225
351,Talcahuano,CL,40,1634920496,55,-36.7167,-73.1167,58.68,58.68,1021,18.41,56.82,3870282
352,Gornyak,RU,61,1634920550,65,50.9942,81.4661,37.13,37.13,1030,9.93,30.11,1506260
353,The Valley,AI,20,1634920550,58,18.217,-63.0578,87.66,85.1,1017,17.27,91.18,3573374
354,Palembang,ID,100,1634920271,89,-2.9167,104.7458,76.57,76.57,1013,3.42,78.12,1633070
355,Mana,GF,58,1634920552,83,5.6592,-53.7767,81.64,81.64,1011,9.46,88.65,3381041
356,Polovinnoye,RU,100,1634920552,92,54.7914,65.9864,43.47,43.47,1006,17.07,35.73,1494523
357,Masterton,NZ,98,1634920553,98,-40.9597,175.6575,45.77,40.96,1031,3.76,41.95,2206890
358,West Bay,KY,20,1634920554,70,19.3667,-81.4167,89.08,87.87,1015,8.05,99.88,3580477
359,Bandarbeyla,SO,9,1634920554,75,9.4942,50.8122,78.96,78.96,1015,9.69,78.96,64814
360,Sambava,MG,78,1634920555,90,-14.2667,50.1667,75.29,75.29,1015,1.88,76.75,1056899
361,Burgersdorp,ZA,50,1634920557,31,-30.9977,26.3286,61.36,61.36,1010,13.4,58.66,1014653
362,Preston,GB,40,1634920499,89,53.7667,-2.7167,53.78,49.5,1019,9.22,50.7,2639912
363,Teya,RU,100,1634920558,75,60.3778,92.6267,38.26,38.26,1012,13.15,30.24,1489656
364,Souillac,MU,75,1634920558,83,-20.5167,57.5167,75.58,75.36,1019,4.61,76.73,933995
365,Aykhal,RU,63,1634920559,91,66.0,111.5,27.14,27.14,1003,17.36,14.54,2027296
366,Faya,SA,4,1634920560,25,18.3851,42.4509,69.91,68.52,1020,13.2,66.25,110690
367,Granada,ES,20,1634920561,40,37.1882,-3.6067,71.96,62.98,1014,9.22,68.79,2517117
368,Ust'-Charyshskaya Pristan',RU,90,1634920561,66,52.3934,83.6635,39.02,39.02,1028,11.9,31.66,1488235
369,Holme,DK,20,1634920562,76,56.1138,10.1725,45.97,43.75,1003,25.93,35.96,2624652
370,Taltal,CL,10,1634920563,69,-25.4,-70.4833,61.81,61.81,1017,7.63,60.93,3870243
371,Eenhana,NA,11,1634920564,17,-17.4667,16.3333,82.72,82.72,1008,7.38,80.24,3357804
372,Hays,US,8,1634920564,76,30.0502,-98.0336,82.54,74.79,1019,1.99,79.7,4696788
373,Lubao,PH,49,1634920565,86,14.9167,120.55,81.14,80.62,1012,3.76,88.0,1705441
374,Kumul,CN,0,1634920566,21,42.8,93.45,57.9,57.9,1015,1.79,54.37,1529484
375,Shelburne,CA,79,1634920566,79,44.0787,-80.2041,42.67,35.85,1016,8.75,32.59,6145890
376,Bharatpur,IN,0,1634920567,51,27.2167,77.4833,77.36,77.36,1012,6.98,77.2,1276128
377,Gimli,CA,100,1634920568,87,50.6336,-96.9907,38.43,37.42,1023,6.91,32.07,5961417
378,Mitsamiouli,KM,20,1634920569,78,-11.3847,43.2844,79.09,79.09,1014,5.75,79.09,921786
379,Novotroitskaya,RU,0,1634920570,51,45.3267,41.5253,55.87,55.35,1020,5.32,53.55,517813
380,La Ronge,CA,75,1634920570,80,55.1001,-105.2842,32.25,32.22,1026,8.05,25.12,6050066
381,Chokurdakh,RU,96,1634920571,100,70.6333,147.9167,-15.0,-15.0,1011,2.42,-15.0,2126123
382,São Gabriel da Cachoeira,BR,20,1634920573,66,-0.1303,-67.0892,89.4,89.4,1011,4.61,101.68,3662342
383,Kenai,US,40,1634920573,94,60.5544,-151.2583,39.15,30.29,980,9.22,26.49,5866063
384,Turan,VN,75,1634920574,94,16.0678,108.2208,73.45,73.38,1016,2.3,74.84,1583992
385,Cartagena del Chairá,CO,59,1634920575,44,1.3349,-74.8429,91.65,91.65,1010,4.61,94.89,3792382
386,Clyde River,CA,90,1634920303,74,70.4692,-68.5914,26.83,26.83,1010,4.61,21.42,5924351
387,Villa Bruzual,VE,20,1634920576,50,9.3328,-69.1208,89.28,89.28,1012,3.0,93.27,3625346
388,Emba,KZ,100,1634920577,51,48.8264,58.1442,49.75,49.75,1022,18.41,43.57,609924
389,Meulaboh,ID,100,1634920578,89,4.1363,96.1285,76.73,76.73,1013,5.88,78.28,1214488
390,Birjand,IR,0,1634920579,16,32.8663,59.2211,50.47,50.47,1025,4.61,45.97,140463
391,Presidencia Roque Sáenz Peña,AR,71,1634920580,24,-26.7852,-60.4388,92.23,92.23,1006,9.15,89.2,3840300
392,Batemans Bay,AU,11,1634920581,94,-35.7167,150.1833,59.09,53.98,1013,2.93,59.0,2176639
393,Lata,PT,0,1634920582,47,40.1629,-8.3327,70.03,62.82,1019,5.66,61.74,2738381
394,Mazamari,PE,43,1634920582,33,-11.3258,-74.5308,96.76,96.76,1009,1.92,98.46,3935102
395,Ukiah,US,90,1634920583,94,39.1502,-123.2078,58.01,52.11,1015,0.0,54.27,5404476
396,Banes,CU,41,1634920519,55,20.9625,-75.7186,88.41,88.41,1014,2.3,93.78,3567869
397,Mogadishu,SO,54,1634920584,79,2.0371,45.3438,80.01,80.01,1014,9.75,84.11,53654
398,Tianpeng,CN,100,1634920585,86,30.9866,103.9393,59.63,57.67,1025,0.83,59.34,1792916
399,Nome,US,1,1634920585,70,64.5011,-165.4064,32.07,29.1,987,13.8,22.14,5870133
400,Pala,TD,16,1634920586,59,9.3642,14.9046,81.28,81.28,1009,4.47,83.28,2426240
401,Rincon,US,75,1634920587,71,32.296,-81.2354,82.58,76.86,1016,1.99,83.23,4218882
402,Dingli,MT,75,1634920588,88,35.8614,14.3822,72.81,71.76,1018,10.36,72.77,2563140
403,Garhi Khairo,PK,0,1634920588,20,28.0606,67.9803,82.69,82.69,1007,7.99,80.33,1178858
404,Tocopilla,CL,10,1634920589,65,-22.092,-70.1979,65.98,65.98,1016,8.68,65.34,3869716
405,Vila,PT,0,1634920590,69,42.0304,-8.1588,58.33,54.7,1021,4.56,53.76,7117100
406,Vila Franca do Campo,PT,9,1634920590,63,37.7167,-25.4333,70.21,70.21,1025,5.19,69.89,3372472
407,Neuquén,AR,0,1634920591,39,-38.9516,-68.0591,64.29,64.29,1015,8.05,62.26,3843123
408,Katsuura,JP,100,1634920592,83,35.1333,140.3,54.19,53.15,1014,19.01,52.99,2112309
409,Fort Payne,US,52,1634920593,50,34.4442,-85.7197,68.43,57.47,1019,8.05,61.74,4062861
410,Acapulco de Juárez,MX,90,1634920593,78,16.8634,-99.8901,82.22,82.22,1013,4.61,88.81,3533462
411,Sumbe,AO,100,1634920594,86,-11.2061,13.8437,75.87,75.87,1010,9.78,77.2,3346015
412,Lagunas,PE,78,1634920595,37,-5.2269,-75.6753,96.82,96.82,1009,5.26,100.69,3695844
413,Barra do Garças,BR,15,1634920596,22,-15.89,-52.2567,103.5,103.5,1006,2.93,103.28,3470709
414,Galle,LK,97,1634920597,79,6.0367,80.217,80.49,80.49,1014,7.11,85.14,1246294
415,Lillooet,CA,100,1634920597,90,50.6856,-121.942,54.32,54.32,1005,3.44,53.69,6945979
416,Grand Gaube,MU,91,1634920598,79,-20.0064,57.6608,75.6,75.38,1019,1.99,76.33,934479
417,Bani Walid,LY,17,1634920599,27,31.7566,13.9942,82.13,82.13,1014,9.6,80.35,2218840
418,Vanimo,PG,100,1634920600,86,-2.6741,141.3028,76.17,76.17,1010,3.58,77.54,2084442
419,Nadym,RU,100,1634920600,96,65.5333,72.5167,29.16,29.16,993,4.65,24.08,1498087
420,Haines Junction,CA,99,1634920601,93,60.7522,-137.5108,30.15,30.15,988,1.14,30.15,5969025
421,Tuatapere,NZ,99,1634920602,78,-46.1333,167.6833,48.06,48.06,1026,3.6,46.94,2180815
422,Kota Kinabalu,MY,40,1634920603,100,5.9749,116.0724,76.98,76.87,1012,3.44,79.09,1733432
423,Ugoofaaru,MV,61,1634920603,79,5.6667,73.0,81.1,81.1,1014,9.48,86.47,1337619
424,Beloha,MG,38,1634920604,73,-25.1667,45.05,66.7,66.7,1017,12.71,66.51,1067565
425,Morgan City,US,0,1634920605,65,29.6994,-91.2068,84.99,78.01,1018,1.79,84.61,4333811
426,Cherskiy,RU,100,1634920605,100,68.75,161.3,-8.45,-8.45,1010,2.42,-8.45,2126199
427,Araouane,ML,2,1634920606,15,18.9048,-3.5265,91.42,91.42,1009,4.85,87.24,2460954
428,Leningradskiy,RU,94,1634920607,88,69.3833,178.4167,2.59,2.59,1002,8.01,-10.01,2123814
429,Songadh,IN,0,1634920607,63,21.1667,73.5667,72.37,72.37,1014,3.89,72.27,1255762
430,Ashquelon,IL,7,1634920608,60,31.6693,34.5715,75.09,72.79,1019,12.95,73.85,295620
431,Morros,BR,100,1634920609,57,-9.4467,-46.3003,84.43,84.43,1009,7.45,87.42,3394372
432,Yarmouth,US,40,1634920609,77,41.7057,-70.2286,73.45,66.25,1010,14.0,69.91,4956335
433,Udgīr,IN,6,1634920610,61,18.3833,77.1167,68.97,68.97,1015,4.23,68.43,1253958
434,Luwuk,ID,96,1634920611,84,-0.9516,122.7875,77.79,77.79,1012,2.42,79.21,1637001
435,Arlit,NE,8,1634920612,11,18.7369,7.3853,94.03,94.03,1008,2.62,89.38,2447513
436,Comodoro Rivadavia,AR,0,1634920612,19,-45.8667,-67.5,66.06,66.06,1012,25.32,63.25,3860443
437,Topeka,US,1,1634920613,62,39.0483,-95.678,64.74,52.68,1018,6.91,57.31,4280539
438,Inuvik,CA,75,1634920614,83,68.3499,-133.7218,32.86,29.16,994,4.61,26.4,5983607
439,Okha,RU,100,1634920614,81,53.5739,142.9478,34.12,34.12,1007,15.68,24.08,2122614
440,Strezhevoy,RU,100,1634920615,71,60.7333,77.5889,31.98,31.98,1003,13.82,22.01,1490796
441,Cap Malheureux,MU,91,1634920616,79,-19.9842,57.6142,75.69,75.47,1019,1.99,76.42,934649
442,Barra da Estiva,BR,97,1634920616,66,-13.6261,-41.3269,76.37,76.37,1011,3.38,76.8,3470744
443,Valga,EE,25,1634920617,77,57.7778,26.0473,43.0,43.0,990,3.0,41.76,587876
444,Ambulu,ID,99,1634920618,87,-8.345,113.6058,78.1,78.1,1013,2.95,79.7,1621313
445,Port Lincoln,AU,3,1634920618,77,-34.7333,135.8667,54.55,54.55,1020,13.27,53.33,2063036
446,Warrnambool,AU,100,1634920619,89,-38.3833,142.4833,53.82,53.82,1015,10.18,53.08,2144528
447,Buchanan,LR,100,1634920550,85,5.8808,-10.0467,80.56,80.56,1010,7.96,86.31,2278158
448,Mombetsu,JP,100,1634920620,87,44.3525,143.3525,38.86,38.86,1014,6.4,34.14,2129163
449,Sovetskaya Gavan',RU,7,1634920621,80,48.9723,140.2878,28.47,28.47,1016,6.22,21.85,2121052
450,Tiquisate,GT,53,1634920622,68,14.2833,-91.3667,89.62,85.03,1013,3.98,95.4,3591093
451,Saint-Augustin,CA,59,1634920622,44,51.226,-58.6502,46.96,46.96,1017,5.59,44.28,6137462
452,High Prairie,CA,89,1634920623,50,55.4334,-116.4858,42.1,42.1,1002,12.01,35.47,5975034
453,Kiunga,PG,91,1634920624,94,-6.1219,141.2906,72.46,72.46,1011,1.07,73.83,2093846
454,Kedrovyy,RU,100,1634920625,82,56.1667,91.8167,45.01,45.01,1023,11.27,39.4,1538641
455,Atasū,KZ,98,1634920625,67,48.6814,71.6433,36.59,36.59,1030,22.21,25.47,1526041
456,Benguela,AO,82,1634920626,75,-12.5763,13.4055,76.62,76.62,1011,10.09,77.5,3351663
457,Marabu,MY,40,1634920627,100,4.4148,114.0089,77.14,77.09,1012,4.61,79.25,1738050
458,Halifax,CA,75,1634920432,84,44.6453,-63.5724,71.1,66.2,1012,3.0,68.11,6324729
459,Boende,CD,61,1634920628,86,-0.2167,20.8667,73.38,73.38,1009,1.97,74.46,218680
460,Luleå,SE,90,1634920629,80,65.5842,22.1547,32.07,32.07,991,11.5,23.09,604490
461,Kjøllefjord,NO,75,1634920629,55,70.9457,27.3465,35.65,33.58,999,25.32,21.18,779261
462,Plastun,RU,1,1634920630,76,44.7561,136.2939,32.88,32.88,1019,6.64,26.8,2017912
463,Atar,MR,16,1634920631,11,20.5169,-13.0499,93.09,93.09,1010,13.6,88.56,2381334
464,Río Gallegos,AR,40,1634920631,28,-51.6226,-69.2181,51.85,51.85,966,20.71,48.06,3838859
465,Arrondissement de Nevers,FR,0,1634920633,64,46.9167,3.3333,52.39,50.58,1024,4.61,48.43,2990473
466,Mamlyutka,KZ,100,1634920634,88,54.9375,68.5394,40.15,40.15,1009,16.35,31.64,1521153
467,Mayo,US,1,1634920634,55,38.8876,-76.5119,70.25,63.99,1008,4.0,66.27,4362001
468,Sakakah,SA,0,1634920635,28,29.9697,40.2064,83.77,83.77,1016,15.46,81.63,102527
469,Concepción del Uruguay,AR,0,1634920636,32,-32.4825,-58.2372,82.98,82.98,1012,5.99,81.39,3435264
470,Nanortalik,GL,100,1634920637,98,60.1432,-45.2371,38.25,38.25,990,5.23,34.23,3421765
471,Poya,NC,17,1634920638,92,-21.35,165.15,69.49,69.49,1016,0.65,70.47,2138522
472,Mazatlán,MX,1,1634920608,78,23.2167,-106.4167,82.36,82.36,1013,0.0,89.15,3996322
473,Rome,US,75,1634920639,75,43.2128,-75.4557,53.38,47.86,1012,3.0,48.83,5134295
474,Muroto-misakicho,JP,9,1634920639,69,33.2833,134.15,61.54,61.54,1018,23.17,60.64,1856392
475,Trat,TH,100,1634920640,91,12.5,102.5,82.98,80.91,1013,1.83,88.41,1605277
476,Kapurthala Town,IN,48,1634920641,32,31.3794,75.3847,76.95,76.95,1009,8.61,75.85,1267911
477,Guerrero Negro,MX,43,1634920642,65,27.9769,-114.0611,72.48,72.48,1015,10.36,72.48,4021858
478,Beringovskiy,RU,100,1634920642,88,63.05,179.3167,17.94,17.94,1000,15.86,5.34,2126710
479,Sarkand,KZ,100,1634920643,79,45.41,79.9186,36.16,36.16,1038,2.73,36.16,1519691
480,San Policarpo,PH,100,1634920644,82,12.1791,125.5072,80.44,80.44,1010,10.76,85.5,1688696
481,Izhma,RU,100,1634920644,98,65.0083,53.9113,34.86,34.86,978,4.5,30.88,554830
482,Bowen,AU,73,1634920645,83,-20.0167,148.2333,71.82,71.82,1015,8.34,72.59,2174444
483,Isangel,VU,57,1634920646,86,-19.55,169.2667,75.63,75.63,1015,3.53,76.95,2136825
484,Odesskoye,RU,97,1634920646,96,54.2111,72.9651,36.91,36.91,1014,17.0,27.27,1496380
485,Hobyo,SO,45,1634920647,78,5.3505,48.5268,80.19,80.19,1013,14.25,84.34,57000
486,Bunia,CD,100,1634920648,87,1.5667,30.25,65.19,65.19,1014,0.63,65.5,217695
487,Turi,IT,0,1634920649,70,40.9173,17.0212,67.57,62.74,1017,11.5,65.68,3165094
488,Kyaikto,MM,99,1634920649,92,17.3,97.0167,76.08,76.08,1013,2.08,77.72,1317375
489,Basco,PH,99,1634920650,82,20.4487,121.9702,79.79,79.79,1015,30.96,79.79,1726449
490,Zliten,LY,40,1634920651,47,32.4674,14.5687,79.34,79.34,1015,18.86,79.34,2208485
491,Bjørnevatn,NO,40,1634920651,86,69.6672,29.9847,30.54,26.22,997,13.8,20.19,780643
492,Kaspiysk,RU,20,1634920652,87,42.8816,47.6392,50.18,50.18,1019,0.0,48.99,551847
493,Kodinsk,RU,76,1634920653,78,58.6881,99.1844,35.15,35.15,1016,4.07,31.64,1503037
494,Ostrovnoy,RU,100,1634920653,63,68.0531,39.5131,34.36,34.36,989,24.11,22.05,556268
495,Athabasca,CA,69,1634920534,51,54.7169,-113.2854,35.42,33.49,1011,15.82,24.03,5887916
496,Wajid,SO,92,1634920655,71,3.8093,43.2471,77.9,77.9,1013,12.35,78.73,50814
497,Kawalu,ID,100,1634920655,98,-7.3817,108.2082,72.23,72.23,1015,0.81,73.76,1640902
498,Kitimat,CA,99,1634920656,29,54.0524,-128.6534,48.58,45.91,995,1.01,45.91,5993072
499,Bakchar,RU,67,1634920657,69,57.0186,82.0711,34.97,34.97,1016,12.66,26.26,1511057
500,Namwala,ZM,70,1634920658,30,-15.7504,26.4384,86.76,86.76,1008,2.82,84.47,901766
501,Bonfim,BR,93,1634920658,56,3.0833,-59.95,87.96,87.96,1010,2.1,93.33,3405215
502,Waipawa,NZ,97,1634920659,91,-41.4122,175.5153,45.23,37.92,1031,5.59,40.14,2206874
503,Rawson,AR,2,1634920660,24,-43.3002,-65.1023,62.11,62.11,1014,7.09,59.16,3839307
504,Itoman,JP,75,1634920660,60,26.1247,127.6694,73.42,69.4,1019,9.22,73.26,1861280
505,Lively,CA,48,1634920661,72,46.4334,-81.1498,41.38,36.52,1016,5.23,34.7,6057842
506,Belmonte,BR,98,1634920662,79,-15.8631,-38.8828,82.4,79.3,1012,10.65,89.51,3470137
507,Flin Flon,CA,90,1634920663,93,54.7682,-101.865,28.24,28.24,1026,3.44,24.42,5954718
508,Sur,OM,1,1634920663,69,22.5667,59.5289,82.4,82.4,1014,0.92,86.97,286245
509,Kolosovka,RU,99,1634920664,93,56.4678,73.611,35.78,35.78,1009,16.6,25.92,1502879
510,Aksarka,RU,99,1634920665,90,66.5606,67.7975,27.88,27.88,991,8.39,19.58,1512019
511,Colares,PT,0,1634920665,52,38.7992,-9.4469,71.28,63.79,1019,8.99,67.03,2269142
512,Tsiroanomandidy,MG,15,1634920666,43,-18.7667,46.0333,73.65,73.65,1014,6.93,72.73,1054463
513,Tsaratanana,MG,26,1634920667,42,-16.7833,47.65,81.14,81.14,1014,5.86,80.96,1055059
514,Dwārka,IN,4,1634920667,62,22.2394,68.9678,80.04,80.04,1013,13.98,82.08,1272140
515,Praia da Vitória,PT,20,1634920668,73,38.7333,-27.0667,75.45,73.76,1024,13.62,76.14,3372760
516,Pacific Grove,US,90,1634920449,93,36.6177,-121.9166,59.29,54.5,1017,1.99,56.05,5380437
517,Toamasina,MG,75,1634920669,83,-18.1667,49.3833,78.8,78.8,1014,5.75,78.8,1053384
518,Ulladulla,AU,3,1634920670,91,-35.35,150.4667,56.3,53.76,1013,3.56,54.46,2145554
519,Iqaluit,CA,75,1634920671,79,63.7506,-68.5145,26.33,25.7,1019,15.99,13.12,5983720
520,Cayenne,GF,40,1634920671,77,4.9333,-52.3333,89.64,85.08,1011,7.0,95.74,3382160
521,Dakar,SN,100,1634920430,51,14.6937,-17.4441,99.48,89.73,1009,6.91,94.53,2253354
522,Barra de Tecoanapa,MX,100,1634920672,85,16.5167,-98.75,79.66,79.66,1013,3.67,79.66,3516171
523,Whyalla,AU,7,1634920673,77,-33.0333,137.5833,57.09,57.09,1018,16.11,56.12,2058430
524,San Fernando,PH,41,1634920674,85,15.0286,120.6898,81.14,79.97,1012,2.33,87.78,1690039
525,Castelo Branco,PT,0,1634920674,44,39.8222,-7.4909,68.79,68.0,989,10.29,66.56,2269514
526,Cabinda,AO,75,1634920675,78,-5.55,12.2,80.74,80.74,1010,8.05,85.5,2243271
527,Bambanglipuro,ID,100,1634920676,89,-7.95,110.2833,62.6,62.6,1013,5.48,62.74,1650434
528,Kushmurun,KZ,100,1634920677,77,52.4503,64.6311,44.6,44.6,1013,20.51,36.41,1519924
529,Opuwo,NA,14,1634920677,19,-18.0607,13.84,77.13,77.13,1011,17.38,75.43,3354077
530,Nhulunbuy,AU,47,1634920678,89,-12.2333,136.7667,81.21,81.21,1012,5.75,88.88,2064735
531,Coos Bay,US,90,1634920679,97,43.3665,-124.2179,55.85,52.02,1012,6.91,53.13,5720495
532,San Quintín,MX,1,1634920679,71,30.4833,-115.95,67.87,67.87,1016,10.71,67.69,3984997
533,Veinticinco de Mayo,AR,100,1634920680,79,-35.4323,-60.1727,63.97,63.97,1013,10.31,63.77,3833112
534,Nanding,CN,17,1634920681,49,36.7483,118.0558,50.22,50.22,1031,0.63,47.25,1800107
535,Flic en Flac,MU,40,1634920681,73,-20.2742,57.3631,75.76,75.52,1019,9.22,76.46,934517
536,Santa Marta,CO,13,1634920587,73,11.2408,-74.199,90.34,90.34,1012,3.76,102.94,3668605
537,Mattru,SL,97,1634920683,92,7.6244,-11.8332,78.03,78.03,1010,5.44,79.84,2409215
538,Altay,CN,80,1634920684,65,47.8667,88.1167,38.1,38.1,1027,2.89,38.1,1529651
539,Dalbandin,PK,0,1634920685,19,28.8947,64.4101,63.81,63.81,1018,1.52,60.78,1180729
540,Mabamba,TZ,85,1634920685,69,-3.5983,30.5019,69.24,69.24,1012,2.62,69.12,155514
541,Vidim,RU,97,1634920686,81,56.4088,103.1106,33.44,33.44,1021,5.06,28.72,2013406
542,Zhezkazgan,KZ,100,1634920687,95,47.8043,67.7144,38.46,38.46,1030,18.19,28.94,1516589
543,San Pedro de Ycuamandiyú,PY,5,1634920687,27,-24.0917,-57.0764,95.4,95.4,1006,3.78,93.88,3437021
544,Rio Grande,BR,4,1634920688,64,-32.035,-52.0986,73.51,72.95,1013,8.55,72.95,3451138
545,Buraidah,SA,0,1634920590,22,26.326,43.975,88.25,88.25,1016,13.27,84.9,107304
546,Coyhaique,CL,75,1634920689,37,-45.5752,-72.0662,53.55,48.31,1017,8.05,50.32,3894426
547,Saint George,US,1,1634920562,54,37.1041,-113.5841,72.54,52.39,1019,0.0,50.52,5546220
548,Harper,LR,71,1634920691,86,4.375,-7.7169,78.57,78.57,1010,9.89,80.17,2276492
549,Aksu,CN,100,1634920692,44,41.1231,80.2644,55.45,55.45,1017,3.47,52.77,1529660
550,Bagrāmī,AF,0,1634920693,33,34.4938,69.2743,45.95,45.95,1020,2.19,45.95,1147511
551,Bail-Hongal,IN,70,1634920693,60,15.8167,74.8667,74.86,74.86,1015,5.75,74.86,1277765
552,Madang,PG,100,1634920694,88,-5.2246,145.7966,76.05,76.05,1011,2.89,77.49,2091996
553,Pangody,RU,98,1634920695,97,65.85,74.4859,27.23,27.23,993,3.53,23.16,1495626
554,Finschhafen,PG,100,1634920696,77,-6.6024,147.8681,78.3,78.3,1012,5.37,79.45,2097418
555,Disna,BY,93,1634920697,69,55.568,28.1971,45.23,45.23,999,18.03,37.78,629055
556,Juneau,US,90,1634920607,95,58.3019,-134.4197,46.09,39.97,980,9.22,37.45,5554072
557,Mackay,AU,75,1634920698,83,-21.15,149.2,77.68,76.05,1016,6.91,78.33,2159220
558,Yazykovo,RU,100,1634920698,78,55.2199,56.1353,46.94,46.94,1003,17.83,40.05,468483
559,Nuuk,GL,1,1634920699,55,64.1835,-51.7216,32.61,31.87,994,32.21,20.01,3421319
560,Nizhneangarsk,RU,67,1634920700,68,55.7833,109.55,31.3,31.3,1024,3.47,27.9,2019199
561,Ploemeur,FR,20,1634920700,59,47.7333,-3.4333,59.86,55.94,1026,3.44,55.53,2986732
562,Noormarkku,FI,90,1634920701,93,61.5927,21.8685,35.38,35.38,983,9.22,28.31,644436
563,Loukhi,RU,100,1634920702,90,66.0764,33.0381,31.17,31.17,988,15.97,20.17,533964
564,Barinas,VE,47,1634920702,54,8.6226,-70.2075,73.09,73.09,1012,8.48,72.64,3648546
565,Yajalón,MX,97,1634920703,73,17.2333,-92.3333,78.01,78.01,1015,3.42,78.94,3514349
566,Marfino,RU,0,1634920704,62,55.7028,37.3822,47.48,42.98,1000,20.13,37.99,529368
567,Quimper,FR,0,1634920704,58,48.0,-4.1,57.27,55.96,1026,6.91,54.01,2984701
568,Florina,GR,16,1634920705,69,40.782,21.4098,60.12,49.51,1020,3.6,52.23,736229
569,Greenville,US,90,1634920582,72,35.6127,-77.3663,78.98,73.44,1015,10.36,76.26,4469160
570,Sabla,NG,62,1634920706,29,12.7525,4.7077,94.73,94.73,1006,5.23,93.67,2349431
571,Manta,EC,75,1634920707,78,-0.95,-80.7333,78.58,78.58,1014,6.91,79.81,3654410
572,Baiyin,CN,8,1634920708,76,36.5583,104.2081,43.68,43.68,1018,3.96,41.61,1817240
573,Asău,RO,100,1634920708,61,46.4333,26.4,60.4,57.96,1015,5.03,56.79,686090
574,Luangwa,ZM,9,1634920709,37,-15.6167,30.4167,83.86,83.86,1008,3.44,82.72,909887
575,Ustrzyki Dolne,PL,23,1634920710,100,49.4304,22.5938,53.46,49.12,1014,7.83,45.9,756280
576,Joshīmath,IN,44,1634920711,69,30.5667,79.5667,57.15,57.15,1021,3.38,55.8,1268814
577,Amberley,US,90,1634920711,87,39.2048,-84.428,53.31,47.7,1015,1.01,49.57,4505215
